Workbook

Sheet Wood Density Lookup
A1: Scientific Name | B1: Wood Density (g/cm3)
A2: Abutilon indicum | B2: 0.45
A3: Acacia auriculiformis | B3: 0.62
A4: Acacia concinna | B4: 0.6
A5: Acalypha wilkesiana | B5: 0.45
A6: Adansonia digitata | B6: 0.28
A7: Adhatoda vasica | B7: 0.5
A8: Aegle marmelos | B8: 0.75
A9: Ailanthus excelsa | B9: 0.42
A10: Albizia lebbeck | B10: 0.65
A11: Alstonia scholaris | B11: 0.45
A12: Annona squamosa | B12: 0.6
A13: Araucaria columnaris | B13: 0.46
... A152: Ziziphus mauritiana | B152: 0.8

Sheet Tree Data Clean
A1: Sr_No | B1: Scientific Name | C1: Girth (in) | D1: Girth (cm) | E1: DBH (cm) | F1: DBH (in) | G1: Height (m) | H1: Height (ft) | I1: Wood Density (g/cm3) | J1: AGB_Chave2014_WD (kg) | K1: BGB (kg) | L1: TB (kg) | M1: TDW (kg) | N1: TC (kg) | O1: CO2e (kg) | P1: X (Longitude) | Q1: Y (Latitude)
A2: 1 | B2: Bombax ceiba | C2: 33 | D2: =C2*2.54 -> 83.82 | E2: =D2/PI() -> 26.680735 | F2: =C2/PI() -> 10.504226 | G2: 7.669806 | H2: =G2*3.28084 -> 25.163406 | I2: =INDEX('Wood Density Lookup'!$B$2:$B$152,MATCH(B2,'Wood Density Lookup'!$A$2:$A$152,0)) -> 0.37 | J2: =0.0673*POWER(I2*E2^2*G2,0.976) -> 113.25766 | K2: =0.28*J2 -> 31.712144 | L2: =J2+K2 -> 144.9698 | M2: =0.725*L2 -> 105.10311 | N2: =0.5*M2 -> 52.551553 | O2: =3.67*N2 -> 192.8642 | P2: 72.548867 | Q2: 23.035949
A3: 2 | B3: Mansonia gagei | C3: 42 | D3: =C3*2.54 -> 106.68 | E3: =D3/PI() -> 33.957299 | F3: =C3/PI() -> 13.369015 | G3: 10.69295 | H3: =G3*3.28084 -> 35.081858 | I3: =INDEX('Wood Density Lookup'!$B$2:$B$152,MATCH(B3,'Wood Density Lookup'!$A$2:$A$152,0)) -> 0.6 | J3: =0.0673*POWER(I3*E3^2*G3,0.976) -> 402.04194 | K3: =0.28*J3 -> 112.57174 | L3: =J3+K3 -> 514.61368 | M3: =0.725*L3 -> 373.09492 | N3: =0.5*M3 -> 186.54746 | O3: =3.67*N3 -> 684.62918 | P3: 72.548871 | Q3: 23.036844
A4: 3 | B4: Acacia auriculiformis | C4: 23 | D4: =C4*2.54 -> 58.42 | E4: =D4/PI() -> 18.595664 | F4: =C4/PI() -> 7.3211274 | G4: 8.474314 | H4: =G4*3.28084 -> 27.802868 | I4: =INDEX('Wood Density Lookup'!$B$2:$B$152,MATCH(B4,'Wood Density Lookup'!$A$2:$A$152,0)) -> 0.62 | J4: =0.0673*POWER(I4*E4^2*G4,0.976) -> 102.12004 | K4: =0.28*J4 -> 28.593612 | L4: =J4+K4 -> 130.71366 | M4: =0.725*L4 -> 94.767401 | N4: =0.5*M4 -> 47.383701 | O4: =3.67*N4 -> 173.89818 | P4: 72.548882 | Q4: 23.036224
A5: 4 | B5: Azadirachta indica | C5: 31 | D5: =C5*2.54 -> 78.74 | E5: =D5/PI() -> 25.06372 | F5: =C5/PI() -> 9.8676065 | G5: 9.298745 | H5: =G5*3.28084 -> 30.507695 | I5: =INDEX('Wood Density Lookup'!$B$2:$B$152,MATCH(B5,'Wood Density Lookup'!$A$2:$A$152,0)) -> 0.75 | J5: =0.0673*POWER(I5*E5^2*G5,0.976) -> 241.09816 | K5: =0.28*J5 -> 67.507486 | L5: =J5+K5 -> 308.60565 | M5: =0.725*L5 -> 223.7391 | N5: =0.5*M5 -> 111.86955 | O5: =3.67*N5 -> 410.56124 | P5: 72.548887 | Q5: 23.038068
A6: 5 | B6: Holoptelea integrifolia | C6: 47 | D6: =C6*2.54 -> 119.38 | E6: =D6/PI() -> 37.999834 | F6: =C6/PI() -> 14.960565 | G6: 13.067191 | H6: =G6*3.28084 -> 42.871363 | I6: =INDEX('Wood Density Lookup'!$B$2:$B$152,MATCH(B6,'Wood Density Lookup'!$A$2:$A$152,0)) -> 0.65 | J6: =0.0673*POWER(I6*E6^2*G6,0.976) -> 658.48555 | K6: =0.28*J6 -> 184.37595 | L6: =J6+K6 -> 842.8615 | M6: =0.725*L6 -> 611.07459 | N6: =0.5*M6 -> 305.53729 | O6: =3.67*N6 -> 1121.3219 | P6: 72.54889 | Q6: 23.037295
A7: 6 | B7: Terminalia arjuna | C7: 13 | D7: =C7*2.54 -> 33.02 | E7: =D7/PI() -> 10.510592 | F7: =C7/PI() -> 4.1380285 | G7: 12.771523 | H7: =G7*3.28084 -> 41.901324 | I7: =INDEX('Wood Density Lookup'!$B$2:$B$152,MATCH(B7,'Wood Density Lookup'!$A$2:$A$152,0)) -> 0.75 | J7: =0.0673*POWER(I7*E7^2*G7,0.976) -> 60.25374 | K7: =0.28*J7 -> 16.871047 | L7: =J7+K7 -> 77.124787 | M7: =0.725*L7 -> 55.915471 | N7: =0.5*M7 -> 27.957735 | O7: =3.67*N7 -> 102.60489 | P7: 72.548896 | Q7: 23.036001
A8: 7 | B8: Albizia lebbeck | C8: 64 | D8: =C8*2.54 -> 162.56 | E8: =D8/PI() -> 51.744455 | F8: =C8/PI() -> 20.371833 | G8: 10.441042 | H8: =G8*3.28084 -> 34.255388 | I8: =INDEX('Wood Density Lookup'!$B$2:$B$152,MATCH(B8,'Wood Density Lookup'!$A$2:$A$152,0)) -> 0.65 | J8: =0.0673*POWER(I8*E8^2*G8,0.976) -> 966.43948 | K8: =0.28*J8 -> 270.60305 | L8: =J8+K8 -> 1237.0425 | M8: =0.725*L8 -> 896.85584 | N8: =0.5*M8 -> 448.42792 | O8: =3.67*N8 -> 1645.7305 | P8: 72.548902 | Q8: 23.036154
A9: 8 | B9: Azadirachta indica | C9: 36 | D9: =C9*2.54 -> 91.44 | E9: =D9/PI() -> 29.106256 | F9: =C9/PI() -> 11.459156 | G9: 7.576199 | H9: =G9*3.28084 -> 24.856297 | I9: =INDEX('Wood Density Lookup'!$B$2:$B$152,MATCH(B9,'Wood Density Lookup'!$A$2:$A$152,0)) -> 0.75 | J9: =0.0673*POWER(I9*E9^2*G9,0.976) -> 264.31435 | K9: =0.28*J9 -> 74.008018 | L9: =J9+K9 -> 338.32237 | M9: =0.725*L9 -> 245.28372 | N9: =0.5*M9 -> 122.64186 | O9: =3.67*N9 -> 450.09562 | P9: 72.548904 | Q9: 23.037429
A10: 9 | B10: Azadirachta indica | C10: 21 | D10: =C10*2.54 -> 53.34 | E10: =D10/PI() -> 16.978649 | F10: =C10/PI() -> 6.6845076 | G10: 12.162647 | H10: =G10*3.28084 -> 39.903699 | I10: =INDEX('Wood Density Lookup'!$B$2:$B$152,MATCH(B10,'Wood Density Lookup'!$A$2:$A$152,0)) -> 0.75 | J10: =0.0673*POWER(I10*E10^2*G10,0.976) -> 146.49851 | K10: =0.28*J10 -> 41.019583 | L10: =J10+K10 -> 187.51809 | M10: =0.725*L10 -> 135.95062 | N10: =0.5*M10 -> 67.975309 | O10: =3.67*N10 -> 249.46939 | P10: 72.548906 | Q10: 23.037479
A11: 10 | B11: Eucalyptus globulus | C11: 38 | D11: =C11*2.54 -> 96.52 | E11: =D11/PI() -> 30.72327 | F11: =C11/PI() -> 12.095776 | G11: 12.002106 | H11: =G11*3.28084 -> 39.376989 | I11: =INDEX('Wood Density Lookup'!$B$2:$B$152,MATCH(B11,'Wood Density Lookup'!$A$2:$A$152,0)) -> 0.75 | J11: =0.0673*POWER(I11*E11^2*G11,0.976) -> 460.22116 | K11: =0.28*J11 -> 128.86192 | L11: =J11+K11 -> 589.08308 | M11: =0.725*L11 -> 427.08523 | N11: =0.5*M11 -> 213.54262 | O11: =3.67*N11 -> 783.7014 | P11: 72.548906 | Q11: 23.036916
A12: 11 | B12: Holoptelea integrifolia | C12: 9 | D12: =C12*2.54 -> 22.86 | E12: =D12/PI() -> 7.276564 | F12: =C12/PI() -> 2.864789 | G12: 6.344668 | H12: =G12*3.28084 -> 20.815841 | I12: =INDEX('Wood Density Lookup'!$B$2:$B$152,MATCH(B12,'Wood Density Lookup'!$A$2:$A$152,0)) -> 0.65 | J12: =0.0673*POWER(I12*E12^2*G12,0.976) -> 12.913674 | K12: =0.28*J12 -> 3.6158288 | L12: =J12+K12 -> 16.529503 | M12: =0.725*L12 -> 11.98389 | N12: =0.5*M12 -> 5.9919449 | O12: =3.67*N12 -> 21.990438 | P12: 72.548907 | Q12: 23.037334
A13: 12 | B13: Peltophorum pterocarpum | C13: 12 | D13: =C13*2.54 -> 30.48 | E13: =D13/PI() -> 9.7020853 | F13: =C13/PI() -> 3.8197186 | G13: 2.24586 | H13: =G13*3.28084 -> 7.3683073 | I13: =INDEX('Wood Density Lookup'!$B$2:$B$152,MATCH(B13,'Wood Density Lookup'!$A$2:$A$152,0)) -> 0.65 | J13: =0.0673*POWER(I13*E13^2*G13,0.976) -> 8.2172907 | K13: =0.28*J13 -> 2.3008414 | L13: =J13+K13 -> 10.518132 | M13: =0.725*L13 -> 7.6256458 | N13: =0.5*M13 -> 3.8128229 | O13: =3.67*N13 -> 13.99306 | P13: 72.548908 | Q13: 23.036768
... A3260: 3451 | B3260: Azadirachta indica | C3260: 12 | D3260: =C3260*2.54 -> 30.48 | E3260: =D3260/PI() -> 9.7020853 | F3260: =C3260/PI() -> 3.8197186 | G3260: 1.485153 | H3260: =G3260*3.28084 -> 4.8725494 | I3260: =INDEX('Wood Density Lookup'!$B$2:$B$152,MATCH(B3260,'Wood Density Lookup'!$A$2:$A$152,0)) -> 0.75 | J3260: =0.0673*POWER(I3260*E3260^2*G3260,0.976) -> 6.3107969 | K3260: =0.28*J3260 -> 1.7670231 | L3260: =J3260+K3260 -> 8.07782 | M3260: =0.725*L3260 -> 5.8564195 | N3260: =0.5*M3260 -> 2.9282097 | O3260: =3.67*N3260 -> 10.74653 | P3260: 72.54944 | Q3260: 23.037767
J3262: =SUM(J2:J3260) -> 978003.62 | K3262: =SUM(K2:K3260) -> 273841.01 | L3262: =SUM(L2:L3260) -> 1251844.6 | M3262: =SUM(M2:M3260) -> 907587.36 | N3262: =SUM(N2:N3260) -> 453793.68 | O3262: =SUM(O2:O3260) -> 1665422.8

Sheet Excluded Trees
A1: Sr_No | B1: On-site Name | C1: Scientific Name (as recorded) | D1: Reason for Exclusion
A2: 30 | B2: cyphophoenix elegans | C2: Cyphophoenix elegans | D2: Palm - no wood density applicable
A3: 99 | B3: hyophorbe lagenicaulis | C3: Hyophorbe lagenicaulis | D3: Palm - no wood density applicable
A4: 103 | B4: cyphophoenix elegans | C4: Cyphophoenix elegans | D4: Palm - no wood density applicable
A5: 108 | B5: hyophorbe lagenicaulis | C5: Hyophorbe lagenicaulis | D5: Palm - no wood density applicable
A6: 111 | B6: cyphophoenix elegans | C6: Cyphophoenix elegans | D6: Palm - no wood density applicable
A7: 115 | B7: cyphophoenix elegans | C7: Cyphophoenix elegans | D7: Palm - no wood density applicable
A8: 116 | B8: hyophorbe lagenicaulis | C8: Hyophorbe lagenicaulis | D8: Palm - no wood density applicable
A9: 126 | B9: livistona chinasis | C9: Livistona chinensis | D9: Palm - no wood density applicable
A10: 129 | B10: livistona chinasis | C10: Livistona chinensis | D10: Palm - no wood density applicable
A11: 137 | B11: livistona chinasis | C11: Livistona chinensis | D11: Palm - no wood density applicable
A12: 138 | B12: livistona chinasis | C12: Livistona chinensis | D12: Palm - no wood density applicable
A13: 143 | B13: livistona chinasis | C13: Livistona chinensis | D13: Palm - no wood density applicable
... A192: 3422 | B192: phoenix dactylifera | C192: Phoenix dactylifera | D192: Palm - no wood density applicable

Sheet Name Merges Applied
A1: Name as Recorded | B1: Canonical Name Used | C1: Basis
A2: Bauhinia variagata | B2: Bauhinia variegata | C2: Typo correction
A3: Polyalthia longifolia Linn | B3: Polyalthia longifolia | C3: Author citation removed, not a distinct variety
A4: Polyalthia longifolia Roxb | B4: Polyalthia longifolia | C4: Author citation removed, not a distinct variety
A5: Chorisia speciosa | B5: Ceiba speciosa | C5: Taxonomic synonym
A6: Erythrina indica | B6: Erythrina variegata | C6: Taxonomic synonym
